{
    "train_oa": {
        "type": "index_value",
        "index": [
            1,
            2,
            3,
            4,
            5,
            6,
            7,
            8,
            9,
            10
        ],
        "value": [
            75.73873199925191,
            88.01664484757808,
            92.14512810922012,
            93.01477463998505,
            93.43089582943706,
            93.42154479147186,
            93.34673648775014,
            93.44492238638489,
            93.53141948756311,
            93.45894894333271
        ]
    },
    "train_aa": {
        "type": "index_value",
        "index": [
            1,
            2,
            3,
            4,
            5,
            6,
            7,
            8,
            9,
            10
        ],
        "value": [
            68.07963853890404,
            82.27209100212237,
            87.3167327505244,
            88.7479143846043,
            89.60107077854735,
            89.80509137232472,
            89.98244466896236,
            90.20134908742821,
            90.38621103718246,
            90.28049409345259
        ]
    },
    "train_kappa": {
        "type": "index_value",
        "index": [
            1,
            2,
            3,
            4,
            5,
            6,
            7,
            8,
            9,
            10
        ],
        "value": [
            65.79063849237143,
            83.75047851080551,
            89.48415352452666,
            90.69233646359747,
            91.27695491015064,
            91.27409238393521,
            91.18742054767024,
            91.32568225168471,
            91.44894268595746,
            91.35156991127987
        ]
    },
    "eval_time": 346.8304646015167,
    "param": {
        "data": {
            "data_sign": "Pavia",
            "data_file": "Pavia_0.2_pc",
            "patch_size": 15,
            "serve_patch_size": 15,
            "batch_size": 256,
            "num_classes": 9,
            "pca": -1,
            "dim_heads": 64,
            "spectral_size": 103,
            "random_rotate": true,
            "noise_type": "jpeg"
        },
        "net": {
            "trainer": "transformer_DELTA",
            "use_mask": false,
            "net_type": "just_pixel",
            "mlp_head_dim": 64,
            "depth": 2,
            "dim": 64,
            "heads": 20,
            "mask_pct": 50
        },
        "train": {
            "epochs": 20,
            "test_epochs": 1,
            "lr": 0.001,
            "weight_decay": 0,
            "temp": 20
        },
        "aug": {
            "type": "SW"
        },
        "uniq_name": "pavia_0.2trans-ori-epoch10_split",
        "train_sign": "ctent",
        "path_model_save": "./save_models/pavia_0.2trans-ori-epoch10_split",
        "path_res": "./res_base/my new/pavia_0.2trans-ori-epoch10_split_ctent_jpeg_09291202",
        "path_pic": "./res_base/my new/pavia_0.2trans-ori-epoch10_split_ctent_jpeg_09291202.png"
    },
    "eval": {
        "classification": "              precision    recall  f1-score   support\n\n           0     0.7606    0.9855    0.8586      6631\n           1     0.8497    0.9961    0.9171     18649\n           2     0.8120    0.6789    0.7395      2099\n           3     0.9938    0.8959    0.9423      3064\n           4     1.0000    0.9978    0.9989      1345\n           5     0.9629    0.4536    0.6167      5029\n           6     0.9392    0.2556    0.4019      1330\n           7     0.9413    0.7059    0.8068      3682\n           8     0.9722    0.9958    0.9838       947\n\n    accuracy                         0.8600     42776\n   macro avg     0.9146    0.7739    0.8073     42776\nweighted avg     0.8758    0.8600    0.8443     42776\n",
        "oa": 85.99915840658313,
        "confusion": "[[ 6535    40     6     2     0     0    22    22     4]\n [    0 18577     0     0     0    72     0     0     0]\n [  472    57  1425     2     0     0     0   139     4]\n [    4   287     0  2745     0    16     0     1    11]\n [    0     0     0     0  1342     0     0     0     3]\n [    0  2748     0     0     0  2281     0     0     0]\n [  990     0     0     0     0     0   340     0     0]\n [  587   154   324    13     0     0     0  2599     5]\n [    4     0     0     0     0     0     0     0   943]]",
        "each_acc": "[98.55225456 99.61392032 67.88947118 89.58877285 99.77695167 45.35692981\n 25.56390977 70.5866377  99.57761352]",
        "aa": 77.38960681886023,
        "kappa": 80.7039606752545
    }
}