{
    "train_oa": {
        "type": "index_value",
        "index": [
            1,
            2,
            3,
            4,
            5,
            6,
            7,
            8,
            9,
            10
        ],
        "value": [
            75.54002244249112,
            87.75014026556947,
            91.77342435010286,
            92.95866841219376,
            93.29998129792408,
            93.3888161585936,
            93.61324106975874,
            93.62726762670657,
            93.3794651206284,
            93.44726014587619
        ]
    },
    "train_aa": {
        "type": "index_value",
        "index": [
            1,
            2,
            3,
            4,
            5,
            6,
            7,
            8,
            9,
            10
        ],
        "value": [
            67.78404458096313,
            81.91866993525633,
            86.7932171384805,
            88.83674826961963,
            89.4427639876175,
            89.56274344880258,
            89.92487427935009,
            90.44019191003545,
            90.22621248031241,
            89.90700477790881
        ]
    },
    "train_kappa": {
        "type": "index_value",
        "index": [
            1,
            2,
            3,
            4,
            5,
            6,
            7,
            8,
            9,
            10
        ],
        "value": [
            65.46895796336388,
            83.3697141190841,
            88.96691037476863,
            90.6213863424533,
            91.10487256219533,
            91.22014332481181,
            91.52731134053573,
            91.56996518010746,
            91.2367731048329,
            91.30998213902856
        ]
    },
    "eval_time": 349.28935980796814,
    "param": {
        "data": {
            "data_sign": "Pavia",
            "data_file": "Pavia_0.2_pc",
            "patch_size": 15,
            "serve_patch_size": 15,
            "batch_size": 256,
            "num_classes": 9,
            "pca": -1,
            "dim_heads": 64,
            "spectral_size": 103,
            "random_rotate": true,
            "noise_type": "jpeg"
        },
        "net": {
            "trainer": "transformer_DELTA",
            "use_mask": false,
            "net_type": "just_pixel",
            "mlp_head_dim": 64,
            "depth": 2,
            "dim": 64,
            "heads": 20,
            "mask_pct": 50
        },
        "train": {
            "epochs": 20,
            "test_epochs": 1,
            "lr": 0.001,
            "weight_decay": 0,
            "temp": 20
        },
        "aug": {
            "type": "SW"
        },
        "uniq_name": "pavia_0.2trans-ori-epoch10_split",
        "train_sign": "ctent",
        "path_model_save": "./save_models/pavia_0.2trans-ori-epoch10_split",
        "path_res": "./res_base/my new/pavia_0.2trans-ori-epoch10_split_ctent_jpeg_09291150",
        "path_pic": "./res_base/my new/pavia_0.2trans-ori-epoch10_split_ctent_jpeg_09291150.png"
    },
    "eval": {
        "classification": "              precision    recall  f1-score   support\n\n           0     0.7595    0.9858    0.8580      6631\n           1     0.8494    0.9964    0.9170     18649\n           2     0.8099    0.6779    0.7381      2099\n           3     0.9942    0.8930    0.9409      3064\n           4     1.0000    0.9985    0.9993      1345\n           5     0.9624    0.4528    0.6158      5029\n           6     0.9316    0.2459    0.3891      1330\n           7     0.9422    0.7042    0.8060      3682\n           8     0.9712    0.9968    0.9838       947\n\n    accuracy                         0.8594     42776\n   macro avg     0.9134    0.7724    0.8053     42776\nweighted avg     0.8751    0.8594    0.8435     42776\n",
        "oa": 85.93837665980924,
        "confusion": "[[ 6537    36     6     3     0     0    24    20     5]\n [    0 18581     0     0     0    68     0     0     0]\n [  468    63  1423     4     0     0     0   137     4]\n [    3   292     0  2736     0    21     0     2    10]\n [    0     0     0     0  1343     0     0     0     2]\n [    0  2752     0     0     0  2277     0     0     0]\n [ 1003     0     0     0     0     0   327     0     0]\n [  593   152   328     9     0     0     0  2593     7]\n [    3     0     0     0     0     0     0     0   944]]",
        "each_acc": "[98.58241593 99.63536919 67.79418771 89.29503916 99.85130112 45.27739113\n 24.58646617 70.42368278 99.68321014]",
        "aa": 77.23656259080948,
        "kappa": 80.6164556559421
    }
}