{
    "train_oa": {
        "type": "index_value",
        "index": [
            1,
            2,
            3,
            4,
            5,
            6,
            7,
            8,
            9,
            10
        ],
        "value": [
            69.85692911913223,
            84.64092014213578,
            82.71694408079297,
            83.05591920703198,
            83.97465868711427,
            82.24705442304095,
            79.90929493173742,
            79.93734804563306,
            78.974191135216,
            78.41312885730316
        ]
    },
    "train_aa": {
        "type": "index_value",
        "index": [
            1,
            2,
            3,
            4,
            5,
            6,
            7,
            8,
            9,
            10
        ],
        "value": [
            51.872448851699694,
            71.55896462854386,
            76.11714568482566,
            78.26735593033509,
            79.3519550059742,
            79.46153370591547,
            78.57793240241686,
            78.54884443307265,
            78.41347108386776,
            78.01881357033724
        ]
    },
    "train_kappa": {
        "type": "index_value",
        "index": [
            1,
            2,
            3,
            4,
            5,
            6,
            7,
            8,
            9,
            10
        ],
        "value": [
            56.50038879184615,
            79.38919221449159,
            77.70971471373272,
            78.24280245099486,
            79.37477110592373,
            77.36163736782594,
            74.62554024452659,
            74.66022998883544,
            73.55792442898027,
            72.90238115165377
        ]
    },
    "eval_time": 391.40125846862793,
    "param": {
        "data": {
            "data_sign": "Pavia",
            "data_file": "Pavia_0.2_pc",
            "patch_size": 15,
            "serve_patch_size": 15,
            "batch_size": 256,
            "num_classes": 9,
            "pca": -1,
            "dim_heads": 64,
            "spectral_size": 103,
            "random_rotate": true,
            "noise_type": "thick_fog"
        },
        "net": {
            "trainer": "transformer_DELTA",
            "use_mask": false,
            "net_type": "just_pixel",
            "mlp_head_dim": 64,
            "depth": 2,
            "dim": 64,
            "heads": 20,
            "mask_pct": 50
        },
        "train": {
            "epochs": 20,
            "test_epochs": 1,
            "lr": 0.001,
            "weight_decay": 0,
            "temp": 20
        },
        "aug": {
            "type": "SW"
        },
        "uniq_name": "pavia_0.2trans-ori-epoch10_split",
        "train_sign": "ctent",
        "path_model_save": "./save_models/pavia_0.2trans-ori-epoch10_split",
        "path_res": "./res_base/my new/pavia_0.2trans-ori-epoch10_split_ctent_thick_fog_09291132",
        "path_pic": "./res_base/my new/pavia_0.2trans-ori-epoch10_split_ctent_thick_fog_09291132.png"
    },
    "eval": {
        "classification": "              precision    recall  f1-score   support\n\n           0     0.5837    0.4233    0.4907      6631\n           1     0.8299    0.9997    0.9069     18649\n           2     0.4900    0.3621    0.4164      2099\n           3     0.9960    0.7399    0.8491      3064\n           4     0.7212    1.0000    0.8380      1345\n           5     0.3332    0.4420    0.3800      5029\n           6     0.0000    0.0000    0.0000      1330\n           7     0.3040    0.2580    0.2791      3682\n           8     0.9231    0.0127    0.0250       947\n\n    accuracy                         0.6781     42776\n   macro avg     0.5757    0.4709    0.4650     42776\nweighted avg     0.6561    0.6781    0.6483     42776\n",
        "oa": 67.81138956424164,
        "confusion": "[[ 2807   263   541     0   257  1061     0  1701     1]\n [    0 18643     0     5     0     1     0     0     0]\n [   62     5   760     0    96   768     0   408     0]\n [    0   723     0  2267     0    70     0     4     0]\n [    0     0     0     0  1345     0     0     0     0]\n [    7  2756    40     3     0  2223     0     0     0]\n [ 1076     0   158     0    19    17     0    60     0]\n [    1    75    52     1    71  2532     0   950     0]\n [  856     0     0     0    77     0     0     2    12]]",
        "each_acc": "[ 42.33147338  99.96782669  36.20771796  73.98825065 100.\n  44.20361901   0.          25.801195     1.26715945]",
        "aa": 47.08524912808328,
        "kappa": 55.41853737522431
    }
}